run_timestamp,folder,datetime,date,time,script,place_scene,total_objects,placed_count,miss_count,pending_count,success_rate,early_termination,has_recovery_pass,placed_boxes_in_bag,bagstate_delta,unique_classes,num_unique_classes,mean_detection_confidence,mean_grasp_offset_mm,num_place_positions,watchdog_flags
20260531_145854,run_20260531_145854,2026-05-31T14:58:54,2026-05-31,14:58:54,autonomous_missed_pick_recovery.py,bag_local_aabb_joint,8,8,0,0,1.0,False,True,2,6,Bandaid; Burts Bees; Carmex Lip Balm; Dove Deodorant; Lays Chips; Pringles,6,0.9603,130.0,4,WD-2; WD-9
20260531_151504,run_20260531_151504,2026-05-31T15:15:04,2026-05-31,15:15:04,autonomous_missed_pick_recovery.py,bag_local_aabb_joint,1,1,0,0,1.0,False,False,1,0,Bandaid,1,0.9224,130.0,1,
20260531_152413,run_20260531_152413,2026-05-31T15:24:13,2026-05-31,15:24:13,autonomous_missed_pick_recovery.py,bag_local_aabb_joint,4,3,0,1,0.75,True,False,3,0,Bandaid; Dove Deodorant; Lays Chips; Pringles,4,0.9686,130.0,2,
20260531_152747,run_20260531_152747,2026-05-31T15:27:47,2026-05-31,15:27:47,autonomous_missed_pick_recovery.py,bag_local_aabb_joint,1,0,0,1,0.0,True,False,0,0,Dove Deodorant,1,0.981,130.0,0,
20260531_153023,run_20260531_153023,2026-05-31T15:30:23,2026-05-31,15:30:23,autonomous_missed_pick_recovery.py,bag_local_aabb_joint,13,13,0,0,1.0,False,True,10,3,Bandaid; Burts Bees; Carmex Lip Balm; Chex Mix; Dove Deodorant; Lays Chips; Pringles,7,0.8746,130.0,4,WD-2; WD-8; WD-9
20260531_154435,run_20260531_154435,2026-05-31T15:44:35,2026-05-31,15:44:35,autonomous_missed_pick_recovery.py,bag_local_aabb_joint,2,1,0,1,0.5,True,False,1,0,Chex Mix; Dove Deodorant,2,0.9749,130.0,1,
20260531_164143,run_20260531_164143,2026-05-31T16:41:43,2026-05-31,16:41:43,autonomous_missed_pick_recovery.py,bag_local_aabb_joint,14,13,0,1,0.9286,True,True,8,5,Bandaid; Burts Bees; Carmex Lip Balm; Chex Mix; Dove Deodorant; Lays Chips; Pringles,7,0.9483,130.0,5,WD-2; WD-9
20260531_165144,run_20260531_165144,2026-05-31T16:51:44,2026-05-31,16:51:44,autonomous_missed_pick_recovery.py,bag_local_aabb_joint,8,6,0,2,0.75,True,False,6,0,Bandaid; Burts Bees; Carmex Lip Balm; Chex Mix; Dove Deodorant; Lays Chips; Pringles,7,0.9182,130.92,2,
20260531_165708,run_20260531_165708,2026-05-31T16:57:08,2026-05-31,16:57:08,autonomous_missed_pick_recovery.py,bag_local_aabb_joint,30,26,3,1,0.8667,True,True,3,23,Bandaid; Burts Bees; Carmex Lip Balm; Chex Mix; Dove Deodorant; Lays Chips; Pringles,7,0.9628,130.0,13,WD-2; WD-7; WD-8; WD-9
20260531_171358,run_20260531_171358,2026-05-31T17:13:58,2026-05-31,17:13:58,autonomous_missed_pick_recovery.py,bag_local_aabb_joint,16,16,0,0,1.0,False,True,9,7,Bandaid; Burts Bees; Carmex Lip Balm; Chex Mix; Dove Deodorant; Lays Chips; Pringles,7,0.9608,130.0,5,WD-2; WD-6; WD-9
20260531_172135,run_20260531_172135,2026-05-31T17:21:35,2026-05-31,17:21:35,autonomous_missed_pick_recovery.py,bag_local_aabb_joint,22,19,2,1,0.8636,True,True,6,13,Bandaid; Burts Bees; Carmex Lip Balm; Chex Mix; Dove Deodorant; Lays Chips; Pringles,7,0.9592,130.0,7,WD-2; WD-9
20260531_173417,run_20260531_173417,2026-05-31T17:34:17,2026-05-31,17:34:17,autonomous_missed_pick_recovery.py,bag_local_aabb_joint,1,0,0,1,0.0,True,False,0,0,Bandaid,1,0.9448,130.0,0,
20260531_173537,run_20260531_173537,2026-05-31T17:35:37,2026-05-31,17:35:37,autonomous_missed_pick_recovery.py,bag_local_aabb_joint,6,6,0,0,1.0,False,False,6,0,Bandaid; Carmex Lip Balm; Chex Mix; Dove Deodorant; Lays Chips; Pringles,6,0.9544,130.0,4,
20260531_173928,run_20260531_173928,2026-05-31T17:39:28,2026-05-31,17:39:28,autonomous_missed_pick_recovery.py,bag_local_aabb_joint,25,21,4,0,0.84,False,True,2,19,Bandaid; Burts Bees; Carmex Lip Balm; Chex Mix; Dove Deodorant; Lays Chips; Pringles,7,0.9177,130.0,9,WD-2; WD-7; WD-8; WD-9
20260531_175844,run_20260531_175844,2026-05-31T17:58:44,2026-05-31,17:58:44,autonomous_missed_pick_recovery.py,bag_local_aabb_joint,7,7,0,0,1.0,False,False,7,0,Bandaid; Burts Bees; Carmex Lip Balm; Chex Mix; Dove Deodorant; Lays Chips; Pringles,7,0.9307,130.0,2,
20260531_180309,run_20260531_180309,2026-05-31T18:03:09,2026-05-31,18:03:09,autonomous_missed_pick_recovery.py,bag_local_aabb_joint,14,14,0,0,1.0,False,True,7,7,Bandaid; Burts Bees; Carmex Lip Balm; Chex Mix; Dove Deodorant; Lays Chips; Pringles,7,0.9293,130.0,4,WD-2; WD-9
20260531_181242,run_20260531_181242,2026-05-31T18:12:42,2026-05-31,18:12:42,autonomous_missed_pick_recovery.py,bag_local_aabb_joint,5,5,0,0,1.0,False,False,5,0,Bandaid; Chex Mix; Dove Deodorant; Lays Chips; Pringles,5,0.9485,130.0,3,
20260531_181800,run_20260531_181800,2026-05-31T18:18:00,2026-05-31,18:18:00,autonomous_missed_pick_recovery.py,bag_local_aabb_joint,4,4,0,0,1.0,False,False,4,0,Bandaid; Chex Mix; Dove Deodorant; Pringles,4,0.9692,130.0,1,
20260531_181952,run_20260531_181952,2026-05-31T18:19:52,2026-05-31,18:19:52,autonomous_missed_pick_recovery.py,bag_local_aabb_joint,3,2,1,0,0.6667,False,False,3,-1,Bandaid; Chex Mix; Dove Deodorant,3,0.9637,130.0,1,WD-2; WD-7
20260531_182310,run_20260531_182310,2026-05-31T18:23:10,2026-05-31,18:23:10,autonomous_missed_pick_recovery.py,bag_local_aabb_joint,11,10,0,1,0.9091,True,True,6,4,Bandaid; Burts Bees; Carmex Lip Balm; Chex Mix; Dove Deodorant; Lays Chips; Pringles,7,0.9692,130.0,6,WD-2; WD-8; WD-9
20260531_182948,run_20260531_182948,2026-05-31T18:29:48,2026-05-31,18:29:48,autonomous_missed_pick_recovery.py,bag_local_aabb_joint,10,9,0,1,0.9,True,True,6,3,Bandaid; Burts Bees; Carmex Lip Balm; Chex Mix; Dove Deodorant; Lays Chips; Pringles,7,0.972,130.0,4,WD-2; WD-8; WD-9
20260531_183430,run_20260531_183430,2026-05-31T18:34:30,2026-05-31,18:34:30,autonomous_missed_pick_recovery.py,bag_local_aabb_joint,21,20,1,0,0.9524,False,True,7,13,Bandaid; Burts Bees; Carmex Lip Balm; Chex Mix; Dove Deodorant; Lays Chips; Pringles,7,0.9432,130.0,8,WD-2; WD-9
20260531_184606,run_20260531_184606,2026-05-31T18:46:06,2026-05-31,18:46:06,autonomous_missed_pick_recovery.py,bag_local_aabb_joint,11,9,1,1,0.8182,True,True,2,7,Bandaid; Burts Bees; Carmex Lip Balm; Chex Mix; Dove Deodorant; Lays Chips; Pringles,7,0.9621,130.0,6,WD-2; WD-7; WD-9
20260531_185404,run_20260531_185404,2026-05-31T18:54:04,2026-05-31,18:54:04,autonomous_missed_pick_recovery.py,bag_local_aabb_joint,3,2,0,1,0.6667,True,False,2,0,Bandaid; Chex Mix; Pringles,3,0.9598,130.0,1,
20260531_185559,run_20260531_185559,2026-05-31T18:55:59,2026-05-31,18:55:59,autonomous_missed_pick_recovery.py,bag_local_aabb_joint,2,2,0,0,1.0,False,False,2,0,Bandaid; Dove Deodorant,2,0.9656,130.0,1,
20260531_185839,run_20260531_185839,2026-05-31T18:58:39,2026-05-31,18:58:39,autonomous_missed_pick_recovery.py,bag_local_aabb_joint,20,20,0,0,1.0,False,True,11,9,Bandaid; Burts Bees; Carmex Lip Balm; Chex Mix; Dove Deodorant; Lays Chips; Pringles,7,0.934,130.0,6,WD-2; WD-9
20260608_094222,run_20260608_094222,2026-06-08T09:42:22,2026-06-08,09:42:22,autonomous_missed_pick_recovery.py,bag_local_aabb_joint,5,5,0,0,1.0,False,False,5,0,Bandaid; Burts Bees; Dove Deodorant; Lays Chips; Pringles,5,0.9714,127.5,2,
20260608_094617,run_20260608_094617,2026-06-08T09:46:17,2026-06-08,09:46:17,autonomous_missed_pick_recovery.py,foundation_floor_future_aware,13,12,0,1,0.9231,True,True,1,11,Bandaid; Burts Bees; Chex Mix; Dove Deodorant; Lays Chips; Pringles,6,0.9647,127.5,8,WD-2; WD-9
20260608_095512,run_20260608_095512,2026-06-08T09:55:12,2026-06-08,09:55:12,autonomous_missed_pick_recovery.py,foundation_floor_future_aware,3,2,0,1,0.6667,True,False,2,0,Burts Bees; Chex Mix; Pringles,3,0.9813,127.5,2,
20260608_100122,run_20260608_100122,2026-06-08T10:01:22,2026-06-08,10:01:22,autonomous_missed_pick_recovery.py,foundation_floor_future_aware,3,3,0,0,1.0,False,False,3,0,Bandaid; Lays Chips; Pringles,3,0.9707,127.5,2,
20260608_100928,run_20260608_100928,2026-06-08T10:09:28,2026-06-08,10:09:28,autonomous_missed_pick_recovery.py,foundation_floor_future_aware,6,6,0,0,1.0,False,False,6,0,Bandaid; Burts Bees; Chex Mix; Dove Deodorant; Lays Chips; Pringles,6,0.9374,127.5,3,
20260608_101557,run_20260608_101557,2026-06-08T10:15:57,2026-06-08,10:15:57,autonomous_missed_pick_recovery.py,foundation_floor_future_aware,6,6,0,0,1.0,False,False,6,0,Bandaid; Burts Bees; Chex Mix; Dove Deodorant; Lays Chips; Pringles,6,0.9697,127.5,2,
20260608_102330,run_20260608_102330,2026-06-08T10:23:30,2026-06-08,10:23:30,autonomous_missed_pick_recovery.py,foundation_floor_future_aware,4,4,0,0,1.0,False,False,4,0,Bandaid; Chex Mix; Dove Deodorant; Pringles,4,0.9695,127.5,4,
20260608_102752,run_20260608_102752,2026-06-08T10:27:52,2026-06-08,10:27:52,autonomous_missed_pick_recovery.py,foundation_floor_future_aware,6,6,0,0,1.0,False,False,6,0,Bandaid; Chex Mix; Dove Deodorant; Pringles,4,0.8451,127.5,6,
20260608_103405,run_20260608_103405,2026-06-08T10:34:05,2026-06-08,10:34:05,autonomous_missed_pick_recovery.py,foundation_floor_future_aware,7,4,1,2,0.5714,True,True,3,1,Burts Bees; Chex Mix; Dove Deodorant; Pringles,4,0.9759,127.5,5,WD-2; WD-8; WD-9
20260608_104618,run_20260608_104618,2026-06-08T10:46:18,2026-06-08,10:46:18,autonomous_missed_pick_recovery.py,foundation_floor_future_aware,5,3,1,1,0.6,True,False,4,-1,Bandaid; Burts Bees; Dove Deodorant; Pringles,4,0.9729,127.5,2,WD-2; WD-7
20260608_105001,run_20260608_105001,2026-06-08T10:50:01,2026-06-08,10:50:01,autonomous_missed_pick_recovery.py,foundation_floor_future_aware,5,4,0,1,0.8,True,False,4,0,Bandaid; Burts Bees; Chex Mix; Pringles,4,0.9798,127.5,4,
20260608_105831,run_20260608_105831,2026-06-08T10:58:31,2026-06-08,10:58:31,autonomous_missed_pick_recovery.py,foundation_floor_future_aware,4,3,1,0,0.75,False,False,4,-1,Bandaid; Burts Bees; Lays Chips; Pringles,4,0.973,127.5,3,WD-2; WD-7
20260608_110148,run_20260608_110148,2026-06-08T11:01:48,2026-06-08,11:01:48,autonomous_missed_pick_recovery.py,foundation_floor_future_aware,2,1,0,1,0.5,True,False,1,0,Chex Mix; Pringles,2,0.9619,127.5,1,
20260608_111219,run_20260608_111219,2026-06-08T11:12:19,2026-06-08,11:12:19,autonomous_missed_pick_recovery.py,foundation_floor_future_aware,4,4,0,0,1.0,False,False,4,0,Bandaid; Chex Mix; Dove Deodorant; Pringles,4,0.9769,127.5,2,
20260608_112127,run_20260608_112127,2026-06-08T11:21:27,2026-06-08,11:21:27,autonomous_missed_pick_recovery.py,foundation_floor_future_aware,2,1,1,0,0.5,False,False,2,-1,Burts Bees; Chex Mix,2,0.9741,127.5,2,WD-2
20260608_112524,run_20260608_112524,2026-06-08T11:25:24,2026-06-08,11:25:24,autonomous_missed_pick_recovery.py,foundation_floor_future_aware,1,1,0,0,1.0,False,False,1,0,Pringles,1,0.9858,127.5,1,
20260608_112815,run_20260608_112815,2026-06-08T11:28:15,2026-06-08,11:28:15,autonomous_missed_pick_recovery.py,foundation_floor_future_aware,4,2,1,1,0.5,True,False,3,-1,Bandaid; Chex Mix; Dove Deodorant; Lays Chips,4,0.9625,127.5,1,WD-2
20260608_113118,run_20260608_113118,2026-06-08T11:31:18,2026-06-08,11:31:18,autonomous_missed_pick_recovery.py,foundation_floor_future_aware,6,6,0,0,1.0,False,False,6,0,Bandaid; Burts Bees; Chex Mix; Dove Deodorant; Lays Chips; Pringles,6,0.9598,127.69,3,
20260608_113731,run_20260608_113731,2026-06-08T11:37:31,2026-06-08,11:37:31,autonomous_missed_pick_recovery.py,foundation_floor_future_aware,2,2,0,0,1.0,False,False,2,0,Chex Mix; Dove Deodorant,2,0.9792,127.5,1,
20260608_114105,run_20260608_114105,2026-06-08T11:41:05,2026-06-08,11:41:05,autonomous_missed_pick_recovery.py,foundation_floor_future_aware,3,3,0,0,1.0,False,False,3,0,Bandaid; Chex Mix; Dove Deodorant,3,0.9754,127.5,2,
20260608_114338,run_20260608_114338,2026-06-08T11:43:38,2026-06-08,11:43:38,autonomous_missed_pick_recovery.py,foundation_floor_future_aware,2,2,0,0,1.0,False,False,2,0,Bandaid; Chex Mix,2,0.9685,127.5,1,
20260608_114515,run_20260608_114515,2026-06-08T11:45:15,2026-06-08,11:45:15,autonomous_missed_pick_recovery.py,foundation_floor_future_aware,2,2,0,0,1.0,False,False,2,0,Bandaid; Chex Mix,2,0.9695,127.5,1,
20260608_114710,run_20260608_114710,2026-06-08T11:47:10,2026-06-08,11:47:10,autonomous_missed_pick_recovery.py,foundation_floor_future_aware,1,1,0,0,1.0,False,False,1,0,Burts Bees,1,0.96,127.5,1,
20260608_115250,run_20260608_115250,2026-06-08T11:52:50,2026-06-08,11:52:50,autonomous_missed_pick_recovery.py,foundation_floor_future_aware,4,4,0,0,1.0,False,False,4,0,Bandaid; Burts Bees; Lays Chips; Pringles,4,0.8269,127.97,1,
20260608_115614,run_20260608_115614,2026-06-08T11:56:14,2026-06-08,11:56:14,autonomous_missed_pick_recovery.py,foundation_floor_future_aware,1,1,0,0,1.0,False,False,1,0,Lays Chips,1,0.6353,127.5,1,
20260608_120208,run_20260608_120208,2026-06-08T12:02:08,2026-06-08,12:02:08,autonomous_missed_pick_recovery.py,foundation_floor_future_aware,6,6,0,0,1.0,False,False,6,0,Bandaid; Burts Bees; Chex Mix; Dove Deodorant; Lays Chips; Pringles,6,0.9533,127.5,2,
20260608_120428,run_20260608_120428,2026-06-08T12:04:28,2026-06-08,12:04:28,autonomous_missed_pick_recovery.py,foundation_floor_future_aware,4,2,1,1,0.5,True,False,3,-1,Bandaid; Burts Bees; Chex Mix; Dove Deodorant,4,0.9696,127.5,2,WD-2
20260608_120739,run_20260608_120739,2026-06-08T12:07:39,2026-06-08,12:07:39,autonomous_missed_pick_recovery.py,foundation_floor_future_aware,1,0,0,1,0.0,True,False,0,0,Chex Mix,1,0.9683,127.5,0,
20260608_120929,run_20260608_120929,2026-06-08T12:09:29,2026-06-08,12:09:29,autonomous_missed_pick_recovery.py,foundation_floor_future_aware,1,0,0,1,0.0,True,False,0,0,Chex Mix,1,0.9648,127.5,0,
20260608_121511,run_20260608_121511,2026-06-08T12:15:11,2026-06-08,12:15:11,autonomous_missed_pick_recovery.py,foundation_floor_future_aware,1,0,0,1,0.0,True,False,0,0,Chex Mix,1,0.9585,127.5,0,
20260608_121814,run_20260608_121814,2026-06-08T12:18:14,2026-06-08,12:18:14,autonomous_missed_pick_recovery.py,foundation_floor_future_aware,12,12,0,0,1.0,False,True,5,7,Bandaid; Burts Bees; Chex Mix; Dove Deodorant; Lays Chips; Pringles,6,0.9454,127.5,5,WD-2; WD-8; WD-9
20260608_122405,run_20260608_122405,2026-06-08T12:24:05,2026-06-08,12:24:05,autonomous_missed_pick_recovery.py,foundation_floor_future_aware,2,1,0,1,0.5,True,False,1,0,Burts Bees; Chex Mix,2,0.8965,136.25,1,WD-1
20260608_122527,run_20260608_122527GOODONE_ENDOFDAY,2026-06-08T12:25:27,2026-06-08,12:25:27,autonomous_missed_pick_recovery.py,foundation_floor_future_aware,5,5,0,0,1.0,False,False,5,0,Bandaid; Burts Bees; Chex Mix; Dove Deodorant; Pringles,5,0.9346,127.5,2,
20260608_122802,run_20260608_122802,2026-06-08T12:28:02,2026-06-08,12:28:02,autonomous_missed_pick_recovery.py,foundation_floor_future_aware,17,16,0,1,0.9412,True,True,10,6,Bandaid; Burts Bees; Carmex Lip Balm; Chex Mix; Dove Deodorant; Lays Chips; Pringles,7,0.8986,127.5,5,WD-2; WD-6; WD-8; WD-9
20260608_123524,run_20260608_123524,2026-06-08T12:35:24,2026-06-08,12:35:24,autonomous_missed_pick_recovery.py,foundation_floor_future_aware,5,5,0,0,1.0,False,False,5,0,Bandaid; Carmex Lip Balm; Chex Mix; Dove Deodorant; Lays Chips,5,0.8917,127.5,2,
20260608_123813,run_20260608_123813,2026-06-08T12:38:13,2026-06-08,12:38:13,autonomous_missed_pick_recovery.py,foundation_floor_future_aware,7,7,0,0,1.0,False,False,7,0,Bandaid; Burts Bees; Carmex Lip Balm; Chex Mix; Dove Deodorant; Lays Chips; Pringles,7,0.9461,127.5,2,
20260608_124212,run_20260608_124212,2026-06-08T12:42:12,2026-06-08,12:42:12,autonomous_missed_pick_recovery.py,foundation_floor_future_aware,15,11,3,1,0.7333,True,True,0,11,Bandaid; Burts Bees; Carmex Lip Balm; Chex Mix; Dove Deodorant; Lays Chips; Pringles,7,0.9127,127.81,3,WD-2; WD-9
20260608_125935,run_20260608_125935,2026-06-08T12:59:35,2026-06-08,12:59:35,autonomous_missed_pick_recovery.py,foundation_floor_future_aware,15,14,0,1,0.9333,True,True,9,5,Bandaid; Burts Bees; Chex Mix; Dove Deodorant; Lays Chips; Pringles,6,0.9041,127.52,4,WD-2; WD-9
